timestamp,model,repeat,test_id,category,pass,duration_s,status,tool_calls_seen,tool_calls_count,validator_details
2026-03-01T12:22:58,zai-org/glm-4.6v-flash,1,reasoning_01_discount,reasoning,True,14.4689,ok,False,0,got=80.0 expected=80.0 diff=0.0 tol=1e-06
2026-03-01T12:23:05,zai-org/glm-4.6v-flash,1,reasoning_02_split,reasoning,True,7.5246,ok,False,0,got=42.0 expected=42.0 diff=0.0 tol=1e-06
2026-03-01T12:23:17,zai-org/glm-4.6v-flash,1,reasoning_03_syllogism,reasoning,True,11.7731,ok,False,0,ok
2026-03-01T12:23:39,zai-org/glm-4.6v-flash,1,reasoning_04_two_numbers,reasoning,True,21.7339,ok,False,0,"got=(7.0,4.0) expected=(7.0,4.0) tol=1e-06"
2026-03-01T12:23:57,zai-org/glm-4.6v-flash,1,coding_01_median,coding,True,18.3804,ok,False,0,stdout=3 dur=0.075s expected=3
2026-03-01T12:24:24,zai-org/glm-4.6v-flash,1,coding_02_palindrome,coding,False,26.451,ok,False,0,"nonzero_exit=1 stderr=File ""/var/folders/9l/75gc86x118924klg7v0zm1_h0000gn/T/tmpsow6m_wx/solution.py"", line 2
    filtered = ''.join(ch.lower() for ch in s if ch.isalpha()))
                                                              ^
SyntaxError: unmatched ')'"
2026-03-01T12:24:45,zai-org/glm-4.6v-flash,1,tooluse_01_calc,tooluse,False,21.6311,ok,True,1,no_number_found
2026-03-01T12:24:59,zai-org/glm-4.6v-flash,1,tooluse_02_kv,tooluse,True,13.9209,ok,True,1,ok
2026-03-01T12:25:11,zai-org/glm-4.6v-flash,2,reasoning_01_discount,reasoning,True,11.8663,ok,False,0,got=80.0 expected=80.0 diff=0.0 tol=1e-06
2026-03-01T12:25:17,zai-org/glm-4.6v-flash,2,reasoning_02_split,reasoning,True,5.8506,ok,False,0,got=42.0 expected=42.0 diff=0.0 tol=1e-06
2026-03-01T12:25:27,zai-org/glm-4.6v-flash,2,reasoning_03_syllogism,reasoning,True,10.5861,ok,False,0,ok
2026-03-01T12:25:42,zai-org/glm-4.6v-flash,2,reasoning_04_two_numbers,reasoning,True,14.1523,ok,False,0,"got=(7.0,4.0) expected=(7.0,4.0) tol=1e-06"
2026-03-01T12:26:20,zai-org/glm-4.6v-flash,2,coding_01_median,coding,True,38.221,ok,False,0,stdout=3 dur=0.076s expected=3
2026-03-01T12:26:55,zai-org/glm-4.6v-flash,2,coding_02_palindrome,coding,True,35.3699,ok,False,0,stdout=True dur=0.065s expected=True
2026-03-01T12:27:30,zai-org/glm-4.6v-flash,2,tooluse_01_calc,tooluse,False,34.293,ok,False,0,got=17.0 expected=162 diff=145.0 tol=1e-06
2026-03-01T12:27:44,zai-org/glm-4.6v-flash,2,tooluse_02_kv,tooluse,True,14.1122,ok,True,1,ok
2026-03-01T12:27:58,zai-org/glm-4.6v-flash,3,reasoning_01_discount,reasoning,True,13.8632,ok,False,0,got=80.0 expected=80.0 diff=0.0 tol=1e-06
2026-03-01T12:28:04,zai-org/glm-4.6v-flash,3,reasoning_02_split,reasoning,True,6.1028,ok,False,0,got=42.0 expected=42.0 diff=0.0 tol=1e-06
2026-03-01T12:28:12,zai-org/glm-4.6v-flash,3,reasoning_03_syllogism,reasoning,True,8.6833,ok,False,0,ok
2026-03-01T12:28:26,zai-org/glm-4.6v-flash,3,reasoning_04_two_numbers,reasoning,True,14.0063,ok,False,0,"got=(7.0,4.0) expected=(7.0,4.0) tol=1e-06"
2026-03-01T12:28:56,zai-org/glm-4.6v-flash,3,coding_01_median,coding,True,29.2271,ok,False,0,stdout=3 dur=0.075s expected=3
2026-03-01T12:29:45,zai-org/glm-4.6v-flash,3,coding_02_palindrome,coding,False,49.7472,ok,False,0,empty_code
2026-03-01T12:30:09,zai-org/glm-4.6v-flash,3,tooluse_01_calc,tooluse,False,24.0069,ok,False,0,got=17.0 expected=162 diff=145.0 tol=1e-06
2026-03-01T12:30:23,zai-org/glm-4.6v-flash,3,tooluse_02_kv,tooluse,True,13.5872,ok,True,1,ok
2026-03-01T12:30:38,google/gemma-3-12b,1,reasoning_01_discount,reasoning,True,1.1126,ok,False,0,got=80.0 expected=80.0 diff=0.0 tol=1e-06
2026-03-01T12:30:39,google/gemma-3-12b,1,reasoning_02_split,reasoning,True,0.6562,ok,False,0,got=42.0 expected=42.0 diff=0.0 tol=1e-06
2026-03-01T12:30:40,google/gemma-3-12b,1,reasoning_03_syllogism,reasoning,True,0.9263,ok,False,0,ok
2026-03-01T12:31:07,google/gemma-3-12b,1,reasoning_04_two_numbers,reasoning,False,27.0588,ok,False,0,"got=(11.0,3.0) expected=(7.0,4.0) tol=1e-06"
2026-03-01T12:31:20,google/gemma-3-12b,1,coding_01_median,coding,True,13.3491,ok,False,0,stdout=3 dur=0.089s expected=3
2026-03-01T12:31:26,google/gemma-3-12b,1,coding_02_palindrome,coding,True,5.9402,ok,False,0,stdout=True dur=0.066s expected=True
2026-03-01T12:31:34,google/gemma-3-12b,1,tooluse_01_calc,tooluse,True,8.0204,ok,True,1,got=162.0 expected=162 diff=0.0 tol=1e-06
2026-03-01T12:31:39,google/gemma-3-12b,1,tooluse_02_kv,tooluse,True,4.371,ok,True,1,ok
2026-03-01T12:31:40,google/gemma-3-12b,2,reasoning_01_discount,reasoning,True,0.9118,ok,False,0,got=80.0 expected=80.0 diff=0.0 tol=1e-06
2026-03-01T12:31:40,google/gemma-3-12b,2,reasoning_02_split,reasoning,True,0.7108,ok,False,0,got=42.0 expected=42.0 diff=0.0 tol=1e-06
2026-03-01T12:31:41,google/gemma-3-12b,2,reasoning_03_syllogism,reasoning,True,0.9359,ok,False,0,ok
2026-03-01T12:31:55,google/gemma-3-12b,2,reasoning_04_two_numbers,reasoning,False,13.204,ok,False,0,"got=(1.0,11.0) expected=(7.0,4.0) tol=1e-06"
2026-03-01T12:32:06,google/gemma-3-12b,2,coding_01_median,coding,True,10.9407,ok,False,0,stdout=3 dur=0.069s expected=3
2026-03-01T12:32:11,google/gemma-3-12b,2,coding_02_palindrome,coding,True,5.6002,ok,False,0,stdout=True dur=0.090s expected=True
2026-03-01T12:32:19,google/gemma-3-12b,2,tooluse_01_calc,tooluse,True,7.9819,ok,True,1,got=162.0 expected=162 diff=0.0 tol=1e-06
2026-03-01T12:32:24,google/gemma-3-12b,2,tooluse_02_kv,tooluse,True,4.3678,ok,True,1,ok
2026-03-01T12:32:25,google/gemma-3-12b,3,reasoning_01_discount,reasoning,True,1.0054,ok,False,0,got=80.0 expected=80.0 diff=0.0 tol=1e-06
2026-03-01T12:32:25,google/gemma-3-12b,3,reasoning_02_split,reasoning,True,0.7162,ok,False,0,got=42.0 expected=42.0 diff=0.0 tol=1e-06
2026-03-01T12:32:26,google/gemma-3-12b,3,reasoning_03_syllogism,reasoning,True,0.8654,ok,False,0,ok
2026-03-01T12:32:36,google/gemma-3-12b,3,reasoning_04_two_numbers,reasoning,False,9.6021,ok,False,0,"got=(1.0,11.0) expected=(7.0,4.0) tol=1e-06"
2026-03-01T12:32:49,google/gemma-3-12b,3,coding_01_median,coding,False,12.6448,ok,False,0,stdout=3.0 dur=0.070s expected=3
2026-03-01T12:32:55,google/gemma-3-12b,3,coding_02_palindrome,coding,True,5.9362,ok,False,0,stdout=True dur=0.066s expected=True
2026-03-01T12:33:03,google/gemma-3-12b,3,tooluse_01_calc,tooluse,True,7.9745,ok,True,1,got=162.0 expected=162 diff=0.0 tol=1e-06
2026-03-01T12:33:06,google/gemma-3-12b,3,tooluse_02_kv,tooluse,True,3.5896,ok,True,1,ok
2026-03-01T12:33:17,mistralai/ministral-3-14b-reasoning,1,reasoning_01_discount,reasoning,True,0.8036,ok,False,0,got=80.0 expected=80.0 diff=0.0 tol=1e-06
2026-03-01T12:33:17,mistralai/ministral-3-14b-reasoning,1,reasoning_02_split,reasoning,True,0.547,ok,False,0,got=42.0 expected=42.0 diff=0.0 tol=1e-06
2026-03-01T12:33:18,mistralai/ministral-3-14b-reasoning,1,reasoning_03_syllogism,reasoning,True,0.6444,ok,False,0,ok
2026-03-01T12:33:31,mistralai/ministral-3-14b-reasoning,1,reasoning_04_two_numbers,reasoning,False,13.6214,ok,False,0,"got=(11.0,3.0) expected=(7.0,4.0) tol=1e-06"
2026-03-01T12:33:35,mistralai/ministral-3-14b-reasoning,1,coding_01_median,coding,True,3.8648,ok,False,0,stdout=3 dur=0.073s expected=3
2026-03-01T12:33:40,mistralai/ministral-3-14b-reasoning,1,coding_02_palindrome,coding,True,4.9612,ok,False,0,stdout=True dur=0.085s expected=True
2026-03-01T12:33:47,mistralai/ministral-3-14b-reasoning,1,tooluse_01_calc,tooluse,True,6.8732,ok,True,3,got=162.0 expected=162 diff=0.0 tol=1e-06
2026-03-01T12:33:51,mistralai/ministral-3-14b-reasoning,1,tooluse_02_kv,tooluse,True,4.2049,ok,True,1,ok
2026-03-01T12:33:52,mistralai/ministral-3-14b-reasoning,2,reasoning_01_discount,reasoning,True,0.3477,ok,False,0,got=80.0 expected=80.0 diff=0.0 tol=1e-06
2026-03-01T12:33:52,mistralai/ministral-3-14b-reasoning,2,reasoning_02_split,reasoning,True,0.3328,ok,False,0,got=42.0 expected=42.0 diff=0.0 tol=1e-06
2026-03-01T12:33:52,mistralai/ministral-3-14b-reasoning,2,reasoning_03_syllogism,reasoning,True,0.1755,ok,False,0,ok
2026-03-01T12:34:07,mistralai/ministral-3-14b-reasoning,2,reasoning_04_two_numbers,reasoning,False,14.6634,ok,False,0,"got=(11.0,3.0) expected=(7.0,4.0) tol=1e-06"
2026-03-01T12:34:11,mistralai/ministral-3-14b-reasoning,2,coding_01_median,coding,True,4.0069,ok,False,0,stdout=3 dur=0.064s expected=3
2026-03-01T12:34:16,mistralai/ministral-3-14b-reasoning,2,coding_02_palindrome,coding,True,4.5476,ok,False,0,stdout=True dur=0.091s expected=True
2026-03-01T12:34:20,mistralai/ministral-3-14b-reasoning,2,tooluse_01_calc,tooluse,True,4.8073,ok,True,3,got=162.0 expected=162 diff=0.0 tol=1e-06
2026-03-01T12:34:23,mistralai/ministral-3-14b-reasoning,2,tooluse_02_kv,tooluse,True,3.0324,ok,True,1,ok
2026-03-01T12:34:24,mistralai/ministral-3-14b-reasoning,3,reasoning_01_discount,reasoning,True,0.344,ok,False,0,got=80.0 expected=80.0 diff=0.0 tol=1e-06
2026-03-01T12:34:25,mistralai/ministral-3-14b-reasoning,3,reasoning_02_split,reasoning,True,0.8297,ok,False,0,got=42.0 expected=42.0 diff=0.0 tol=1e-06
2026-03-01T12:34:25,mistralai/ministral-3-14b-reasoning,3,reasoning_03_syllogism,reasoning,True,0.1856,ok,False,0,ok
2026-03-01T12:34:39,mistralai/ministral-3-14b-reasoning,3,reasoning_04_two_numbers,reasoning,False,14.3588,ok,False,0,"got=(1.0,11.0) expected=(7.0,4.0) tol=1e-06"
2026-03-01T12:34:43,mistralai/ministral-3-14b-reasoning,3,coding_01_median,coding,True,3.373,ok,False,0,stdout=3 dur=0.065s expected=3
2026-03-01T12:34:48,mistralai/ministral-3-14b-reasoning,3,coding_02_palindrome,coding,True,4.7931,ok,False,0,stdout=True dur=0.092s expected=True
2026-03-01T12:34:52,mistralai/ministral-3-14b-reasoning,3,tooluse_01_calc,tooluse,True,4.8107,ok,True,3,got=162.0 expected=162 diff=0.0 tol=1e-06
2026-03-01T12:34:55,mistralai/ministral-3-14b-reasoning,3,tooluse_02_kv,tooluse,True,3.041,ok,True,1,ok
2026-03-01T12:35:36,qwen/qwen3-8b,1,reasoning_01_discount,reasoning,False,33.2921,ok,False,0,got=25.0 expected=80.0 diff=55.0 tol=1e-06
2026-03-01T12:35:58,qwen/qwen3-8b,1,reasoning_02_split,reasoning,False,22.017,ok,False,0,got=14.0 expected=42.0 diff=28.0 tol=1e-06
2026-03-01T12:36:13,qwen/qwen3-8b,1,reasoning_03_syllogism,reasoning,True,15.1853,ok,False,0,ok
2026-03-01T12:36:35,qwen/qwen3-8b,1,reasoning_04_two_numbers,reasoning,False,22.1191,ok,False,0,"got=(1.0,11.0) expected=(7.0,4.0) tol=1e-06"
2026-03-01T12:37:03,qwen/qwen3-8b,1,coding_01_median,coding,True,27.847,ok,False,0,stdout=3 dur=0.077s expected=3
2026-03-01T12:37:37,qwen/qwen3-8b,1,coding_02_palindrome,coding,True,34.3375,ok,False,0,stdout=True dur=0.067s expected=True
2026-03-01T12:38:15,qwen/qwen3-8b,1,tooluse_01_calc,tooluse,False,37.1302,ok,True,1,got=17.0 expected=162 diff=145.0 tol=1e-06
2026-03-01T12:38:30,qwen/qwen3-8b,1,tooluse_02_kv,tooluse,True,14.9742,ok,True,1,ok
2026-03-01T12:39:03,qwen/qwen3-8b,2,reasoning_01_discount,reasoning,False,33.429,ok,False,0,got=25.0 expected=80.0 diff=55.0 tol=1e-06
2026-03-01T12:39:15,qwen/qwen3-8b,2,reasoning_02_split,reasoning,False,12.2479,ok,False,0,got=14.0 expected=42.0 diff=28.0 tol=1e-06
2026-03-01T12:39:35,qwen/qwen3-8b,2,reasoning_03_syllogism,reasoning,True,19.3443,ok,False,0,ok
2026-03-01T12:40:01,qwen/qwen3-8b,2,reasoning_04_two_numbers,reasoning,False,26.4971,ok,False,0,"got=(11.0,3.0) expected=(7.0,4.0) tol=1e-06"
2026-03-01T12:40:22,qwen/qwen3-8b,2,coding_01_median,coding,True,20.6834,ok,False,0,stdout=3 dur=0.069s expected=3
2026-03-01T12:41:02,qwen/qwen3-8b,2,coding_02_palindrome,coding,False,39.9982,ok,False,0,empty_code
2026-03-01T12:41:23,qwen/qwen3-8b,2,tooluse_01_calc,tooluse,False,21.5472,ok,True,1,got=17.0 expected=162 diff=145.0 tol=1e-06
2026-03-01T12:41:34,qwen/qwen3-8b,2,tooluse_02_kv,tooluse,True,11.133,ok,True,1,ok
2026-03-01T12:42:04,qwen/qwen3-8b,3,reasoning_01_discount,reasoning,False,29.2551,ok,False,0,got=75.0 expected=80.0 diff=5.0 tol=1e-06
2026-03-01T12:42:18,qwen/qwen3-8b,3,reasoning_02_split,reasoning,False,14.2596,ok,False,0,got=14.0 expected=42.0 diff=28.0 tol=1e-06
2026-03-01T12:42:34,qwen/qwen3-8b,3,reasoning_03_syllogism,reasoning,True,16.2102,ok,False,0,ok
2026-03-01T12:43:09,qwen/qwen3-8b,3,reasoning_04_two_numbers,reasoning,False,34.7214,ok,False,0,"got=(1.0,11.0) expected=(7.0,4.0) tol=1e-06"
2026-03-01T12:43:33,qwen/qwen3-8b,3,coding_01_median,coding,True,23.5258,ok,False,0,stdout=3 dur=0.073s expected=3
2026-03-01T12:43:35,qwen/qwen3-8b,3,coding_02_palindrome,coding,True,2.7619,ok,False,0,stdout=True dur=0.091s expected=True
2026-03-01T12:43:59,qwen/qwen3-8b,3,tooluse_01_calc,tooluse,False,23.7358,ok,True,1,got=17.0 expected=162 diff=145.0 tol=1e-06
2026-03-01T12:44:12,qwen/qwen3-8b,3,tooluse_02_kv,tooluse,True,13.0823,ok,True,1,ok
2026-03-01T12:44:23,qwen/qwen3-14b,1,reasoning_01_discount,reasoning,True,1.7135,ok,False,0,got=80.0 expected=80.0 diff=0.0 tol=1e-06
2026-03-01T12:44:43,qwen/qwen3-14b,1,reasoning_02_split,reasoning,True,19.7702,ok,False,0,got=42.0 expected=42.0 diff=0.0 tol=1e-06
2026-03-01T12:45:09,qwen/qwen3-14b,1,reasoning_03_syllogism,reasoning,True,25.6545,ok,False,0,ok
2026-03-01T12:45:35,qwen/qwen3-14b,1,reasoning_04_two_numbers,reasoning,True,26.3811,ok,False,0,"got=(7.0,4.0) expected=(7.0,4.0) tol=1e-06"
2026-03-01T12:45:40,qwen/qwen3-14b,1,coding_01_median,coding,True,4.6967,ok,False,0,stdout=3 dur=0.073s expected=3
2026-03-01T12:45:45,qwen/qwen3-14b,1,coding_02_palindrome,coding,True,5.1819,ok,False,0,stdout=True dur=0.094s expected=True
2026-03-01T12:46:43,qwen/qwen3-14b,1,tooluse_01_calc,tooluse,True,57.8403,ok,True,1,got=162.0 expected=162 diff=0.0 tol=1e-06
2026-03-01T12:47:04,qwen/qwen3-14b,1,tooluse_02_kv,tooluse,True,20.9091,ok,True,1,ok
2026-03-01T12:48:08,qwen/qwen3-14b,2,reasoning_01_discount,reasoning,True,64.1525,ok,False,0,got=80.0 expected=80.0 diff=0.0 tol=1e-06
2026-03-01T12:48:35,qwen/qwen3-14b,2,reasoning_02_split,reasoning,False,27.2332,ok,False,0,got=14.0 expected=42.0 diff=28.0 tol=1e-06
2026-03-01T12:48:57,qwen/qwen3-14b,2,reasoning_03_syllogism,reasoning,True,21.6371,ok,False,0,ok
2026-03-01T12:49:25,qwen/qwen3-14b,2,reasoning_04_two_numbers,reasoning,True,28.3195,ok,False,0,"got=(7.0,4.0) expected=(7.0,4.0) tol=1e-06"
2026-03-01T12:49:30,qwen/qwen3-14b,2,coding_01_median,coding,True,4.1729,ok,False,0,stdout=3 dur=0.069s expected=3
2026-03-01T12:49:34,qwen/qwen3-14b,2,coding_02_palindrome,coding,True,4.7658,ok,False,0,stdout=True dur=0.092s expected=True
2026-03-01T12:50:15,qwen/qwen3-14b,2,tooluse_01_calc,tooluse,True,40.8756,ok,True,1,got=162.0 expected=162 diff=0.0 tol=1e-06
2026-03-01T12:50:34,qwen/qwen3-14b,2,tooluse_02_kv,tooluse,True,19.1762,ok,True,1,ok
2026-03-01T12:51:15,qwen/qwen3-14b,3,reasoning_01_discount,reasoning,True,40.723,ok,False,0,got=80.0 expected=80.0 diff=0.0 tol=1e-06
2026-03-01T12:51:46,qwen/qwen3-14b,3,reasoning_02_split,reasoning,True,31.2515,ok,False,0,got=42.0 expected=42.0 diff=0.0 tol=1e-06
2026-03-01T12:52:19,qwen/qwen3-14b,3,reasoning_03_syllogism,reasoning,True,32.9408,ok,False,0,ok
2026-03-01T12:52:47,qwen/qwen3-14b,3,reasoning_04_two_numbers,reasoning,True,27.7066,ok,False,0,"got=(7.0,4.0) expected=(7.0,4.0) tol=1e-06"
2026-03-01T12:52:51,qwen/qwen3-14b,3,coding_01_median,coding,True,3.7814,ok,False,0,stdout=3 dur=0.073s expected=3
2026-03-01T12:52:56,qwen/qwen3-14b,3,coding_02_palindrome,coding,True,4.6128,ok,False,0,stdout=True dur=0.090s expected=True
2026-03-01T12:53:33,qwen/qwen3-14b,3,tooluse_01_calc,tooluse,False,37.2517,ok,True,1,got=17.0 expected=162 diff=145.0 tol=1e-06
2026-03-01T12:53:55,qwen/qwen3-14b,3,tooluse_02_kv,tooluse,True,22.2117,ok,True,1,ok
2026-03-01T12:54:16,qwen/qwen3-4b-thinking-2507,1,reasoning_01_discount,reasoning,False,15.2931,ok,False,0,got=25.0 expected=80.0 diff=55.0 tol=1e-06
2026-03-01T12:54:24,qwen/qwen3-4b-thinking-2507,1,reasoning_02_split,reasoning,False,8.3953,ok,False,0,got=14.0 expected=42.0 diff=28.0 tol=1e-06
2026-03-01T12:54:37,qwen/qwen3-4b-thinking-2507,1,reasoning_03_syllogism,reasoning,True,12.6379,ok,False,0,ok
2026-03-01T12:54:51,qwen/qwen3-4b-thinking-2507,1,reasoning_04_two_numbers,reasoning,False,13.8849,ok,False,0,"got=(11.0,3.0) expected=(7.0,4.0) tol=1e-06"
2026-03-01T12:54:55,qwen/qwen3-4b-thinking-2507,1,coding_01_median,coding,True,4.7566,ok,False,0,stdout=3 dur=0.065s expected=3
2026-03-01T12:55:18,qwen/qwen3-4b-thinking-2507,1,coding_02_palindrome,coding,False,22.5609,ok,False,0,"nonzero_exit=1 stderr=File ""/var/folders/9l/75gc86x118924klg7v0zm1_h0000gn/T/tmpa0tske7h/solution.py"", line 1
    Okay, let's see. I need to implement a function is_pal(s) that checks if a string is a palindrome, ignoring case and non-letters. Then I have to call it on 'A man, a plan, a canal: Panama' and print the resul"
2026-03-01T12:55:41,qwen/qwen3-4b-thinking-2507,1,tooluse_01_calc,tooluse,True,23.4392,ok,True,1,got=162.0 expected=162 diff=0.0 tol=1e-06
2026-03-01T12:55:51,qwen/qwen3-4b-thinking-2507,1,tooluse_02_kv,tooluse,True,9.7429,ok,True,1,ok
2026-03-01T12:56:10,qwen/qwen3-4b-thinking-2507,2,reasoning_01_discount,reasoning,False,18.5677,ok,False,0,got=25.0 expected=80.0 diff=55.0 tol=1e-06
2026-03-01T12:56:21,qwen/qwen3-4b-thinking-2507,2,reasoning_02_split,reasoning,False,10.9728,ok,False,0,got=3.0 expected=42.0 diff=39.0 tol=1e-06
2026-03-01T12:56:44,qwen/qwen3-4b-thinking-2507,2,reasoning_03_syllogism,reasoning,True,22.9741,ok,False,0,ok
2026-03-01T12:57:00,qwen/qwen3-4b-thinking-2507,2,reasoning_04_two_numbers,reasoning,False,15.9596,ok,False,0,"got=(11.0,1.0) expected=(7.0,4.0) tol=1e-06"
2026-03-01T12:57:19,qwen/qwen3-4b-thinking-2507,2,coding_01_median,coding,True,18.7712,ok,False,0,stdout=3 dur=0.065s expected=3
2026-03-01T12:57:42,qwen/qwen3-4b-thinking-2507,2,coding_02_palindrome,coding,False,22.9382,ok,False,0,"nonzero_exit=1 stderr=File ""/var/folders/9l/75gc86x118924klg7v0zm1_h0000gn/T/tmpibyyxgok/solution.py"", line 1
    Okay, I need to implement a function called is_pal(s) that checks if a string is a palindrome when ignoring case and non-letters. Then, I have to call it on the string 'A man, a plan, a canal: Panama' and pri"
2026-03-01T12:58:07,qwen/qwen3-4b-thinking-2507,2,tooluse_01_calc,tooluse,True,25.8411,ok,True,1,got=162.0 expected=162 diff=0.0 tol=1e-06
2026-03-01T12:58:17,qwen/qwen3-4b-thinking-2507,2,tooluse_02_kv,tooluse,True,10.0426,ok,True,1,ok
2026-03-01T12:58:31,qwen/qwen3-4b-thinking-2507,3,reasoning_01_discount,reasoning,False,13.7168,ok,False,0,got=25.0 expected=80.0 diff=55.0 tol=1e-06
2026-03-01T12:58:43,qwen/qwen3-4b-thinking-2507,3,reasoning_02_split,reasoning,False,12.0319,ok,False,0,got=14.0 expected=42.0 diff=28.0 tol=1e-06
2026-03-01T12:59:06,qwen/qwen3-4b-thinking-2507,3,reasoning_03_syllogism,reasoning,True,22.93,ok,False,0,ok
2026-03-01T12:59:22,qwen/qwen3-4b-thinking-2507,3,reasoning_04_two_numbers,reasoning,False,16.3369,ok,False,0,"got=(11.0,1.0) expected=(7.0,4.0) tol=1e-06"
2026-03-01T12:59:30,qwen/qwen3-4b-thinking-2507,3,coding_01_median,coding,True,7.9033,ok,False,0,stdout=3 dur=0.068s expected=3
2026-03-01T12:59:53,qwen/qwen3-4b-thinking-2507,3,coding_02_palindrome,coding,False,22.9923,ok,False,0,"nonzero_exit=1 stderr=File ""/var/folders/9l/75gc86x118924klg7v0zm1_h0000gn/T/tmpng_ke1mi/solution.py"", line 1
    Okay, I need to implement a function called is_pal that checks if a string s is a palindrome, ignoring case and non-letters. Then call it on the string 'A man, a plan, a canal: Panama' and print the result.
 "
2026-03-01T13:00:09,qwen/qwen3-4b-thinking-2507,3,tooluse_01_calc,tooluse,True,15.5447,ok,True,1,got=162.0 expected=162 diff=0.0 tol=1e-06
2026-03-01T13:00:15,qwen/qwen3-4b-thinking-2507,3,tooluse_02_kv,tooluse,True,5.9926,ok,True,1,ok
2026-03-01T13:00:20,qwen2.5-coder-7b-instruct,1,reasoning_01_discount,reasoning,True,0.4272,ok,False,0,got=80.0 expected=80.0 diff=0.0 tol=1e-06
2026-03-01T13:00:20,qwen2.5-coder-7b-instruct,1,reasoning_02_split,reasoning,True,0.5364,ok,False,0,got=42.0 expected=42.0 diff=0.0 tol=1e-06
2026-03-01T13:00:21,qwen2.5-coder-7b-instruct,1,reasoning_03_syllogism,reasoning,True,0.3795,ok,False,0,ok
2026-03-01T13:00:30,qwen2.5-coder-7b-instruct,1,reasoning_04_two_numbers,reasoning,False,8.6542,ok,False,0,"got=(1.0,11.0) expected=(7.0,4.0) tol=1e-06"
2026-03-01T13:00:32,qwen2.5-coder-7b-instruct,1,coding_01_median,coding,True,2.3939,ok,False,0,stdout=3 dur=0.065s expected=3
2026-03-01T13:00:35,qwen2.5-coder-7b-instruct,1,coding_02_palindrome,coding,True,2.6608,ok,False,0,stdout=True dur=0.086s expected=True
2026-03-01T13:00:40,qwen2.5-coder-7b-instruct,1,tooluse_01_calc,tooluse,False,5.1145,ok,True,1,got=17.0 expected=162 diff=145.0 tol=1e-06
2026-03-01T13:00:42,qwen2.5-coder-7b-instruct,1,tooluse_02_kv,tooluse,True,2.2315,ok,True,1,ok
2026-03-01T13:00:42,qwen2.5-coder-7b-instruct,2,reasoning_01_discount,reasoning,True,0.2059,ok,False,0,got=80.0 expected=80.0 diff=0.0 tol=1e-06
2026-03-01T13:00:43,qwen2.5-coder-7b-instruct,2,reasoning_02_split,reasoning,True,0.428,ok,False,0,got=42.0 expected=42.0 diff=0.0 tol=1e-06
2026-03-01T13:00:43,qwen2.5-coder-7b-instruct,2,reasoning_03_syllogism,reasoning,True,0.1597,ok,False,0,ok
2026-03-01T13:00:52,qwen2.5-coder-7b-instruct,2,reasoning_04_two_numbers,reasoning,False,9.2038,ok,False,0,"got=(11.0,3.0) expected=(7.0,4.0) tol=1e-06"
2026-03-01T13:00:54,qwen2.5-coder-7b-instruct,2,coding_01_median,coding,True,2.1739,ok,False,0,stdout=3 dur=0.088s expected=3
2026-03-01T13:00:57,qwen2.5-coder-7b-instruct,2,coding_02_palindrome,coding,True,2.5143,ok,False,0,stdout=True dur=0.088s expected=True
2026-03-01T13:01:00,qwen2.5-coder-7b-instruct,2,tooluse_01_calc,tooluse,True,2.6899,ok,True,1,got=162.0 expected=162 diff=0.0 tol=1e-06
2026-03-01T13:01:02,qwen2.5-coder-7b-instruct,2,tooluse_02_kv,tooluse,True,2.2526,ok,True,1,ok
2026-03-01T13:01:02,qwen2.5-coder-7b-instruct,3,reasoning_01_discount,reasoning,True,0.2059,ok,False,0,got=80.0 expected=80.0 diff=0.0 tol=1e-06
2026-03-01T13:01:03,qwen2.5-coder-7b-instruct,3,reasoning_02_split,reasoning,True,0.4267,ok,False,0,got=42.0 expected=42.0 diff=0.0 tol=1e-06
2026-03-01T13:01:03,qwen2.5-coder-7b-instruct,3,reasoning_03_syllogism,reasoning,True,0.1595,ok,False,0,ok
2026-03-01T13:01:11,qwen2.5-coder-7b-instruct,3,reasoning_04_two_numbers,reasoning,False,8.7166,ok,False,0,"got=(11.0,3.0) expected=(7.0,4.0) tol=1e-06"
2026-03-01T13:01:14,qwen2.5-coder-7b-instruct,3,coding_01_median,coding,True,2.0362,ok,False,0,stdout=3 dur=0.067s expected=3
2026-03-01T13:01:16,qwen2.5-coder-7b-instruct,3,coding_02_palindrome,coding,True,2.6081,ok,False,0,stdout=True dur=0.088s expected=True
2026-03-01T13:01:19,qwen2.5-coder-7b-instruct,3,tooluse_01_calc,tooluse,True,2.9366,ok,True,1,got=162.0 expected=162 diff=0.0 tol=1e-06
2026-03-01T13:01:22,qwen2.5-coder-7b-instruct,3,tooluse_02_kv,tooluse,True,2.4087,ok,True,1,ok
2026-03-01T13:02:09,deepseek/deepseek-r1-0528-qwen3-8b,1,reasoning_01_discount,reasoning,False,41.6448,ok,False,0,no_number_found
2026-03-01T13:02:32,deepseek/deepseek-r1-0528-qwen3-8b,1,reasoning_02_split,reasoning,True,23.2806,ok,False,0,got=42.0 expected=42.0 diff=0.0 tol=1e-06
2026-03-01T13:03:07,deepseek/deepseek-r1-0528-qwen3-8b,1,reasoning_03_syllogism,reasoning,True,34.0231,ok,False,0,ok
2026-03-01T13:03:38,deepseek/deepseek-r1-0528-qwen3-8b,1,reasoning_04_two_numbers,reasoning,True,31.0789,ok,False,0,"got=(7.0,4.0) expected=(7.0,4.0) tol=1e-06"
2026-03-01T13:03:53,deepseek/deepseek-r1-0528-qwen3-8b,1,coding_01_median,coding,True,15.6626,ok,False,0,stdout=3 dur=0.077s expected=3
2026-03-01T13:04:22,deepseek/deepseek-r1-0528-qwen3-8b,1,coding_02_palindrome,coding,True,28.8494,ok,False,0,stdout=True dur=0.067s expected=True
2026-03-01T13:06:07,deepseek/deepseek-r1-0528-qwen3-8b,1,tooluse_01_calc,tooluse,False,104.4231,ok,True,2,got=17.0 expected=162 diff=145.0 tol=1e-06
2026-03-01T13:06:45,deepseek/deepseek-r1-0528-qwen3-8b,1,tooluse_02_kv,tooluse,False,37.812,ok,False,0,missing=['seahorse']
2026-03-01T13:07:24,deepseek/deepseek-r1-0528-qwen3-8b,2,reasoning_01_discount,reasoning,False,39.8991,ok,False,0,no_number_found
2026-03-01T13:07:49,deepseek/deepseek-r1-0528-qwen3-8b,2,reasoning_02_split,reasoning,True,24.1823,ok,False,0,got=42.0 expected=42.0 diff=0.0 tol=1e-06
2026-03-01T13:08:26,deepseek/deepseek-r1-0528-qwen3-8b,2,reasoning_03_syllogism,reasoning,True,37.1532,ok,False,0,ok
2026-03-01T13:09:06,deepseek/deepseek-r1-0528-qwen3-8b,2,reasoning_04_two_numbers,reasoning,False,39.8653,ok,False,0,need_two_numbers
2026-03-01T13:09:14,deepseek/deepseek-r1-0528-qwen3-8b,2,coding_01_median,coding,True,8.4451,ok,False,0,stdout=3 dur=0.071s expected=3
2026-03-01T13:09:38,deepseek/deepseek-r1-0528-qwen3-8b,2,coding_02_palindrome,coding,True,23.4289,ok,False,0,stdout=True dur=0.069s expected=True
2026-03-01T13:10:18,deepseek/deepseek-r1-0528-qwen3-8b,2,tooluse_01_calc,tooluse,False,40.5441,ok,False,0,no_number_found
2026-03-01T13:10:56,deepseek/deepseek-r1-0528-qwen3-8b,2,tooluse_02_kv,tooluse,True,38.2379,ok,True,1,ok
2026-03-01T13:11:36,deepseek/deepseek-r1-0528-qwen3-8b,3,reasoning_01_discount,reasoning,False,40.0322,ok,False,0,no_number_found
2026-03-01T13:11:51,deepseek/deepseek-r1-0528-qwen3-8b,3,reasoning_02_split,reasoning,True,14.9162,ok,False,0,got=42.0 expected=42.0 diff=0.0 tol=1e-06
2026-03-01T13:12:31,deepseek/deepseek-r1-0528-qwen3-8b,3,reasoning_03_syllogism,reasoning,False,39.9938,ok,False,0,missing=['yes']
2026-03-01T13:13:03,deepseek/deepseek-r1-0528-qwen3-8b,3,reasoning_04_two_numbers,reasoning,True,31.8699,ok,False,0,"got=(7.0,4.0) expected=(7.0,4.0) tol=1e-06"
2026-03-01T13:13:12,deepseek/deepseek-r1-0528-qwen3-8b,3,coding_01_median,coding,True,8.5706,ok,False,0,stdout=3 dur=0.068s expected=3
2026-03-01T13:13:27,deepseek/deepseek-r1-0528-qwen3-8b,3,coding_02_palindrome,coding,True,15.5571,ok,False,0,stdout=True dur=0.068s expected=True
2026-03-01T13:16:03,deepseek/deepseek-r1-0528-qwen3-8b,3,tooluse_01_calc,tooluse,True,155.9182,ok,True,4,got=162.0 expected=162 diff=0.0 tol=1e-06
2026-03-01T13:16:50,deepseek/deepseek-r1-0528-qwen3-8b,3,tooluse_02_kv,tooluse,True,47.0622,ok,True,4,ok
2026-03-01T13:17:01,google/gemma-3-4b,1,reasoning_01_discount,reasoning,True,0.4473,ok,False,0,got=80.0 expected=80.0 diff=0.0 tol=1e-06
2026-03-01T13:17:01,google/gemma-3-4b,1,reasoning_02_split,reasoning,True,0.3745,ok,False,0,got=42.0 expected=42.0 diff=0.0 tol=1e-06
2026-03-01T13:17:02,google/gemma-3-4b,1,reasoning_03_syllogism,reasoning,True,0.3732,ok,False,0,ok
2026-03-01T13:17:11,google/gemma-3-4b,1,reasoning_04_two_numbers,reasoning,False,9.8145,ok,False,0,"got=(11.0,3.0) expected=(7.0,4.0) tol=1e-06"
2026-03-01T13:17:14,google/gemma-3-4b,1,coding_01_median,coding,True,2.9039,ok,False,0,stdout=3 dur=0.074s expected=3
2026-03-01T13:17:16,google/gemma-3-4b,1,coding_02_palindrome,coding,True,1.8527,ok,False,0,stdout=True dur=0.068s expected=True
2026-03-01T13:17:19,google/gemma-3-4b,1,tooluse_01_calc,tooluse,True,3.0139,ok,True,1,got=162.0 expected=162 diff=0.0 tol=1e-06
2026-03-01T13:17:21,google/gemma-3-4b,1,tooluse_02_kv,tooluse,True,1.4598,ok,True,1,ok
2026-03-01T13:17:21,google/gemma-3-4b,2,reasoning_01_discount,reasoning,True,0.4174,ok,False,0,got=80.0 expected=80.0 diff=0.0 tol=1e-06
2026-03-01T13:17:22,google/gemma-3-4b,2,reasoning_02_split,reasoning,True,0.363,ok,False,0,got=42.0 expected=42.0 diff=0.0 tol=1e-06
2026-03-01T13:17:22,google/gemma-3-4b,2,reasoning_03_syllogism,reasoning,True,0.3729,ok,False,0,ok
2026-03-01T13:17:28,google/gemma-3-4b,2,reasoning_04_two_numbers,reasoning,False,6.3228,ok,False,0,"got=(11.0,3.0) expected=(7.0,4.0) tol=1e-06"
2026-03-01T13:17:31,google/gemma-3-4b,2,coding_01_median,coding,True,2.6716,ok,False,0,stdout=3 dur=0.068s expected=3
2026-03-01T13:17:33,google/gemma-3-4b,2,coding_02_palindrome,coding,True,2.2311,ok,False,0,stdout=True dur=0.067s expected=True
2026-03-01T13:17:36,google/gemma-3-4b,2,tooluse_01_calc,tooluse,True,2.9787,ok,True,1,got=162.0 expected=162 diff=0.0 tol=1e-06
2026-03-01T13:17:38,google/gemma-3-4b,2,tooluse_02_kv,tooluse,True,1.4635,ok,True,1,ok
2026-03-01T13:17:38,google/gemma-3-4b,3,reasoning_01_discount,reasoning,True,0.3942,ok,False,0,got=80.0 expected=80.0 diff=0.0 tol=1e-06
2026-03-01T13:17:39,google/gemma-3-4b,3,reasoning_02_split,reasoning,True,0.3556,ok,False,0,got=42.0 expected=42.0 diff=0.0 tol=1e-06
2026-03-01T13:17:39,google/gemma-3-4b,3,reasoning_03_syllogism,reasoning,True,0.3971,ok,False,0,ok
2026-03-01T13:17:40,google/gemma-3-4b,3,reasoning_04_two_numbers,reasoning,False,1.2016,ok,False,0,"got=(11.0,3.0) expected=(7.0,4.0) tol=1e-06"
2026-03-01T13:17:43,google/gemma-3-4b,3,coding_01_median,coding,True,2.7571,ok,False,0,stdout=3 dur=0.069s expected=3
2026-03-01T13:17:45,google/gemma-3-4b,3,coding_02_palindrome,coding,False,2.221,ok,False,0,stdout=False dur=0.068s expected=True
2026-03-01T13:17:48,google/gemma-3-4b,3,tooluse_01_calc,tooluse,True,2.9324,ok,True,1,got=162.0 expected=162 diff=0.0 tol=1e-06
2026-03-01T13:17:50,google/gemma-3-4b,3,tooluse_02_kv,tooluse,True,1.4557,ok,True,1,ok
